{
    "algorithm_type": "on_board_training",
    "commit": "b7b8f774",
    "compilation_date": "2024-04-26T08:16:03.730729",
    "compilation_flags": {
        "float_abi": "hard",
        "fshort_enums": false,
        "short_wchar": false
    },
    "compilation_str": "{'compilation_dict':{'request_type':'library','api':{'env':'PROD','version':'v3'},'version':{'web_api':{'env':'PROD','version':'v3'},'local_api':{'version':'2024.03.18.0','platform':'win64'},'studio':'4.4.0'},'compilation_flags':{'float_abi':'hard','short_wchar':false,'fshort_enums':false,'use_knowledge':true},'mcu':'cortex-m4_st_stm32f4_stm32f407g-disc1','sensor':'multiGeneric','request_origin':'manual','algorithm_type':'on_board_training','lib_version':'v2_b7b8f77','info':{'progression':{'evals_done':40000,'optimization_progress':0.26666666666666666,'elapsed_time':837,'cpu_info':{'cpu_nb_cores':16,'cpu_nb_cores_for_optimization':12},'state':null},'max_ram':32000,'max_flash':null,'optimization_global_id':''},'class_names':'nominal,anomaly','results':[{'result_id':46,'combination':[1,[2,8,3,17,14,4,11,24,10,16,15,25,0,7,23,22,13,12,21,20,6,9,18,5,1,19,26],27,0,24,64,5,1,3,2,6,0.99,0.0,0.0,1000000.0,0.98,0,1,0,0,0.07,0.47],'performance':{'performance':{'score':0.944132,'precision':0.9646,'precision_confidence_interval':[0.9516,0.9776]},'memory_usage':{'estimated_ram':1687,'estimated_flash':2701,'estimated_flash_knowledge':380}},'learning_min_lines':20}],'data':{'nb_cols':384,'nb_lines':[[{'file_type':'nominal','nb_lines':400},{'file_type':'anomaly','nb_lines':400}]]},'only_emulators':false,'lock_type':100},'sign':46784,'license_key':'***'}",
    "compile_emulators": true,
    "compile_library": true,
    "data": {
        "nb_cols": 384,
        "nb_lines": [
            [
                {
                    "file_type": "nominal",
                    "nb_lines": 400
                },
                {
                    "file_type": "anomaly",
                    "nb_lines": 400
                }
            ]
        ]
    },
    "gcc_version": "arm-none-eabi-gcc (Arm GNU Toolchain 13.2.rel1 (Build arm-13.7)) 13.2.1 20231009",
    "learning_min_lines": 20,
    "lib_limited": false,
    "library_id": "662b62c4e51ddf9dd30e1f84",
    "library_md5sum": "7901eda646ae987501fece84fc48d95f",
    "mcu": "cortex-m4_st_stm32f4_stm32f407g-disc1",
    "mcu_cpn": "STM32F407G-DISC1",
    "mcu_family": "STM32F4",
    "mcu_type": "cortex-m4",
    "mcu_vendor": "STMicroelectronics",
    "memory_usage": {
        "flash": 4097,
        "ram": 1644
    },
    "optimization_info": {
        "max_flash": null,
        "max_ram": 32000,
        "optimization_global_id": "",
        "progression": {
            "cpu_info": {
                "cpu_nb_cores": 16,
                "cpu_nb_cores_for_optimization": 12
            },
            "elapsed_time": 837,
            "evals_done": 40000,
            "optimization_progress": 0.26666666666666666,
            "state": null
        }
    },
    "performance": {
        "memory_usage": {
            "estimated_flash": 2701,
            "estimated_flash_knowledge": 380,
            "estimated_ram": 1687
        },
        "performance": {
            "precision": 0.9646,
            "precision_confidence_interval": [
                0.9516,
                0.9776
            ],
            "score": 0.944132
        }
    },
    "request_type": "library",
    "sensor": "multiGeneric",
    "studio_info": {
        "local_api": {
            "platform": "win64",
            "version": "2024.03.18.0"
        },
        "studio": "4.4.0",
        "web_api": {
            "env": "PROD",
            "version": "v3"
        }
    },
    "user_info": {
        "company": "Bvcoe",
        "email": "bhavyaminocha@gmail.com",
        "first_name": "Bhavya",
        "last_name": "Minocha"
    }
}